X1,X2,color
0,0,c1
-0.000457218,0.001951153,c1
0.0011943,0.003825943,c1
-0.000231299,0.006007573,c1
-0.000896347,0.00796576,c1
0.002162341,0.00978394,c1
0.002624166,0.011734201,c1
-0.000997849,0.013992521,c1
0.001077624,0.015995806,c1
-0.006629485,0.016773486,c1
0.006116595,0.019083817,c1
0.006230971,0.021145137,c1
0.006804151,0.023065439,c1
-0.007699982,0.024888198,c1
0.001273562,0.028027192,c1
0.003618384,0.02984155,c1
0.006663612,0.031364065,c1
0.006570879,0.033428453,c1
0.014329722,0.033103756,c1
-0.005956305,0.03760739,c1
0.004789783,0.039792929,c1
0.001562765,0.042055142,c1
0.009407692,0.04307276,c1
0.013403327,0.044100343,c1
0.021180308,0.043181458,c1
0.005327571,0.049816133,c1
0.017549256,0.049059883,c1
-0.007923825,0.053524873,c1
0.010477541,0.055125338,c1
0.024977701,0.05247486,c1
0.009632429,0.059343573,c1
0.01930526,0.059048533,c1
0.028815524,0.057289605,c1
0.030169331,0.058849706,c1
0.02934754,0.061492061,c1
0.017770117,0.067851912,c1
0.022249927,0.068627539,c1
0.017050972,0.072161168,c1
0.034688078,0.067793147,c1
0.055563536,0.054964558,c1
0.026420942,0.07568098,c1
0.017559098,0.080266151,c1
0.028378442,0.07923997,c1
-0.006053455,0.085959459,c1
0.034521261,0.081137856,c1
0.016259399,0.088702477,c1
0.03086207,0.086864783,c1
0.034972374,0.087455036,c1
0.049113339,0.08270946,c1
0.041455706,0.089016605,c1
0.053987246,0.084412663,c1
0.012200171,0.101473627,c1
0.014174021,0.103239969,c1
0.041817086,0.097634064,c1
0.034371579,0.10261282,c1
0.044132723,0.100999249,c1
0.055733061,0.09740715,c1
0.049666024,0.102866061,c1
0.063511144,0.097346394,c1
0.083327737,0.083882964,c1
0.033935107,0.115352424,c1
0.05589721,0.108716222,c1
0.065850354,0.105363276,c1
0.05642374,0.112942714,c1
0.084549761,0.09644206,c1
0.005332854,0.130151312,c1
0.106433963,0.078522081,c1
0.040774055,0.127927778,c1
0.075529651,0.113426092,c1
0.088449394,0.106287863,c1
0.055148754,0.128985467,c1
0.087411213,0.112268332,c1
0.094924527,0.10866705,c1
0.09310622,0.112839498,c1
0.058831497,0.136127641,c1
0.126698135,0.080856992,c1
0.092730762,0.120820941,c1
0.058195428,0.142914106,c1
0.106736901,0.114196632,c1
0.094694362,0.126874482,c1
0.107409146,0.119020937,c1
-0.010285257,0.161998473,c1
0.130892881,0.099352711,c1
0.106626433,0.127661112,c1
0.109248366,0.128070411,c1
0.095525906,0.141034566,c1
0.128662899,0.114667129,c1
0.135960659,0.109142876,c1
0.121439206,0.127878051,c1
0.149289108,0.097590366,c1
0.121269863,0.133505094,c1
0.110287115,0.14523652,c1
0.093507386,0.158896822,c1
0.109581648,0.150753649,c1
0.149509848,0.114597585,c1
0.12909149,0.139929345,c1
0.124023858,0.147071351,c1
0.150220129,0.123373051,c1
0.106272892,0.165155075,c1
0.126472128,0.152859702,c1
0.151851895,0.13077264,c1
0.161391691,0.122149209,c1
0.162423887,0.124102561,c1
0.159446272,0.131084481,c1
0.167136476,0.124510943,c1
0.188881651,0.092739704,c1
0.135785359,0.1633605,c1
0.148362483,0.154817017,c1
0.193920796,0.096114049,c1
0.126479257,0.17809454,c1
0.191963326,0.108370955,c1
0.115820564,0.189913996,c1
0.162200177,0.15513997,c1
0.197063367,0.111565891,c1
0.175063419,0.14678338,c1
0.178416782,0.145875592,c1
0.203469255,0.112428671,c1
0.127350179,0.196869537,c1
0.193077917,0.136529748,c1
0.204798379,0.122183802,c1
0.190190376,0.147168998,c1
0.181596665,0.160691045,c1
0.182281916,0.162936072,c1
0.216604136,0.117649651,c1
0.151055859,0.197314175,c1
0.221019347,0.117903352,c1
0.19999588,0.154144179,c1
0.208233367,0.146334224,c1
0.235668291,0.101288643,c1
0.238008938,0.100909871,c1
0.23098441,0.12048824,c1
0.231578757,0.123655493,c1
0.248540809,0.090570905,c1
0.264421559,0.03348305,c1
0.250488407,0.096786974,c1
0.210188713,0.170332563,c1
0.169913914,0.213096429,c1
0.273521416,0.023732728,c1
0.190351435,0.200618922,c1
0.272173932,0.05929095,c1
0.268920892,0.079975605,c1
0.245705624,0.139541388,c1
0.272522742,0.081920386,c1
0.237393688,0.160525404,c1
0.2838565,0.051983279,c1
0.253128061,0.142701074,c1
0.282730749,0.075295456,c1
0.288971612,0.057255495,c1
0.272157085,0.117889946,c1
0.297200876,-0.028843093,c1
0.289777705,0.079937255,c1
0.296509572,0.060431674,c1
0.274659188,0.131716007,c1
0.287422003,0.106772012,c1
0.307970154,0.01997453,c1
0.274176789,0.145988508,c1
0.229802933,0.211955559,c1
0.292303976,0.116404279,c1
0.280616751,0.146665826,c1
0.310289382,0.072458347,c1
0.315410587,0.057680099,c1
0.293410391,0.134202556,c1
0.306469568,0.107114757,c1
0.294499212,0.141324438,c1
0.298997918,0.136440007,c1
0.323874646,0.066649259,c1
0.330491614,0.037967294,c1
0.328338235,0.064788652,c1
0.336483237,0.011312543,c1
0.338619654,0.006251423,c1
0.332276209,0.075208456,c1
0.326332438,0.104596382,c1
0.320143095,0.127746493,c1
0.314866374,0.145105033,c1
0.344881822,0.051443194,c1
0.342805982,0.073996842,c1
0.340415167,-0.092296377,c1
0.351830021,0.045104413,c1
0.324857712,0.147349706,c1
0.354760375,-0.053134493,c1
0.306104675,0.190839952,c1
0.335570597,0.137703041,c1
0.364449758,0.014281189,c1
0.364643426,0.039097416,c1
0.364107686,-0.058248763,c1
0.344603902,0.13673843,c1
0.353949753,0.116870755,c1
0.367993493,0.070837677,c1
0.372707658,0.055065474,c1
0.356958397,0.126641059,c1
0.38075496,0.002235544,c1
0.37797901,0.06034335,c1
0.364461994,0.123349314,c1
0.378830177,0.077983804,c1
0.380622351,-0.079212458,c1
0.389057095,0.036671605,c1
0.392585969,0.012520442,c1
0.387966041,-0.07308326,c1
0.395706095,-0.029357062,c1
0.39192542,0.073715581,c1
0.400602744,0.012624042,c1
0.40139976,0.033624299,c1
0.403520031,-0.032286411,c1
0.406133494,0.023514094,c1
0.393345089,-0.111406912,c1
0.409310146,0.035208341,c1
0.412702574,0.010079866,c1
0.412635492,-0.042609823,c1
0.369981141,-0.192000681,c1
0.404528387,-0.108543919,c1
0.411135608,-0.089862307,c1
0.42281868,-0.0047794,c1
0.400897264,-0.140636591,c1
0.36206706,-0.226078595,c1
0.388624924,-0.181354924,c1
0.403886298,-0.150058931,c1
0.412166026,-0.13225698,c1
0.434624604,-0.014599458,c1
0.421651948,-0.114316693,c1
0.416250606,-0.139101103,c1
0.436726565,-0.060387386,c1
0.36907934,-0.244802467,c1
0.426185017,-0.127645004,c1
0.412493155,-0.171940263,c1
0.432626548,-0.119764357,c1
0.443379888,0.082016532,c1
0.44688413,-0.073608755,c1
0.442782528,-0.10433876,c1
0.404828608,-0.211858547,c1
0.43643721,-0.141873681,c1
0.440725189,-0.134945373,c1
0.436316736,-0.154686943,c1
0.449600575,-0.118402271,c1
0.461770966,-0.069244583,c1
0.468217798,-0.025977386,c1
0.440276359,-0.167161556,c1
0.428460572,-0.200248232,c1
0.301965702,-0.366598039,c1
0.436105156,-0.193125148,c1
0.425113131,-0.220634338,c1
0.45977842,-0.141167193,c1
0.432512965,-0.214915393,c1
0.415539347,-0.250045783,c1
0.480217397,-0.080838587,c1
0.486196872,-0.052077281,c1
0.398479441,-0.286840416,c1
0.396146067,-0.293433914,c1
0.437341348,-0.231835341,c1
0.48263429,-0.118605087,c1
0.441634289,-0.232288947,c1
0.346898964,-0.361474919,c1
0.50055432,-0.049602634,c1
0.497914679,-0.084356935,c1
0.449104845,-0.235304192,c1
0.45473646,-0.228722787,c1
0.498761586,-0.111267289,c1
0.488014962,-0.158231245,c1
0.425041194,-0.290853823,c1
0.476915423,-0.199689526,c1
0.487983932,-0.176839493,c1
0.355750762,-0.380691803,c1
0.442463358,-0.278932593,c1
0.435698417,-0.292992316,c1
0.399448821,-0.343841057,c1
0.435076096,-0.301017077,c1
0.381713179,-0.369218132,c1
0.429439705,-0.315818051,c1
0.312015389,-0.434679712,c1
0.47629528,-0.248176241,c1
0.424857102,-0.331815764,c1
0.447110226,-0.30473325,c1
0.484320722,-0.245715342,c1
0.465887517,-0.282970187,c1
0.48701436,-0.249257024,c1
0.433421552,-0.337126961,c1
0.371797383,-0.406792755,c1
0.441544581,-0.333113893,c1
0.402210894,-0.38258823,c1
0.415735809,-0.370863857,c1
0.45810139,-0.320556265,c1
0.470707531,-0.305438363,c1
0.462588401,-0.32112793,c1
0.552688472,-0.117930759,c1
0.303580605,-0.479040807,c1
0.428491175,-0.374584691,c1
0.452286692,-0.348769634,c1
0.511344162,-0.258889591,c1
0.267323142,-0.509250632,c1
0.453488088,-0.357009313,c1
0.433543939,-0.384010428,c1
0.391738792,-0.429290538,c1
0.350306082,-0.466228078,c1
0.471753364,-0.346226936,c1
0.32249968,-0.490680825,c1
0.41372962,-0.419474597,c1
0.287686391,-0.516462127,c1
0.416734902,-0.422139899,c1
0.440666103,-0.400081211,c1
0.521979669,-0.290135077,c1
0.43343714,-0.413728129,c1
0.354862259,-0.485301049,c1
0.333866552,-0.502385412,c1
0.418807447,-0.436898129,c1
0.111800449,-0.596833329,c1
0.52940138,-0.301465225,c1
0.401000237,-0.461293493,c1
0.240184769,-0.564232186,c1
0.327905802,-0.52056345,c1
0.367913856,-0.49559841,c1
0.526024487,-0.326733117,c1
0.350218984,-0.513116837,c1
0.428066222,-0.452985099,c1
0.356271698,-0.513817736,c1
0.264906564,-0.56857078,c1
0.370535371,-0.50859593,c1
0.394007392,-0.49320437,c1
0.260322901,-0.577285449,c1
0.36536143,-0.519691914,c1
0.429094903,-0.471164955,c1
0.453678373,-0.45039206,c1
0.236234434,-0.596185055,c1
0.237015113,-0.598031313,c1
0.261745797,-0.58982122,c1
0.324846924,-0.559879238,c1
0.421165861,-0.494174044,c1
0.370320711,-0.535777617,c1
0.095438697,-0.646297908,c1
0.307923536,-0.578459252,c1
0.231803293,-0.615085161,c1
0.366226938,-0.548250759,c1
0.293573691,-0.592589343,c1
0.278562403,-0.602001027,c1
0.29935257,-0.594182571,c1
0.307954381,-0.592030118,c1
0.319956718,-0.587913228,c1
0.263180341,-0.61760595,c1
0.11498432,-0.663456386,c1
0.290516184,-0.609671154,c1
0.267447385,-0.62231929,c1
0.224808264,-0.641084637,c1
0.242088144,-0.636905404,c1
0.198678052,-0.653847937,c1
0.191442351,-0.658090328,c1
0.284641549,-0.625670228,c1
0.388313972,-0.569609805,c1
0.260137986,-0.640576582,c1
0.354771068,-0.595753898,c1
0.190175679,-0.668880819,c1
0.183937587,-0.672700867,c1
0.359671475,-0.599829233,c1
0.286994527,-0.640000029,c1
0.01986959,-0.703126123,c1
0.269480773,-0.651908383,c1
0.277812088,-0.650581421,c1
0.383727154,-0.596681287,c1
0.213077946,-0.678763769,c1
0.088008768,-0.707977635,c1
-0.099614505,-0.708461903,c1
0.010952312,-0.717351266,c1
0.149812005,-0.703668005,c1
0.039798411,-0.720344309,c1
0.023197231,-0.72307489,c1
0.123904846,-0.714791298,c1
0.195008037,-0.700829873,c1
-0.196350973,-0.702535841,c1
-0.04481792,-0.730088601,c1
0.311513115,-0.664028103,c1
0.322103206,-0.661186079,c1
0.051669684,-0.735662657,c1
0.287759681,-0.6811927,c1
0.217647288,-0.708820603,c1
0.109074237,-0.735442514,c1
0.322209628,-0.672263163,c1
0.081664408,-0.743020649,c1
0.237884616,-0.710745846,c1
0.347334525,-0.666419909,c1
-0.172445269,-0.733508997,c1
0.281701044,-0.701028834,c1
0.000270469,-0.757514982,c1
0.180460555,-0.737769041,c1
-0.165479375,-0.743326258,c1
0.082615534,-0.759044291,c1
-0.219353592,-0.73343153,c1
0.105677067,-0.760225257,c1
0.019039143,-0.769303519,c1
0.118935031,-0.762320925,c1
-0.122583617,-0.763772456,c1
0.292952914,-0.71809338,c1
0.141151544,-0.764635986,c1
0.154552461,-0.764085045,c1
-0.04954779,-0.779990985,c1
0.153619188,-0.768360982,c1
-0.052745359,-0.783798409,c1
-0.089977962,-0.78241842,c1
0.162571949,-0.77266138,c1
-0.027219437,-0.791115043,c1
-0.035821249,-0.792778305,c1
0.13046664,-0.784820862,c1
-0.000894132,-0.797594689,c1
-0.342922841,-0.722331505,c1
-0.015625233,-0.801450905,c1
0.089760009,-0.798578547,c1
-0.12199788,-0.796320262,c1
0.13276774,-0.79662732,c1
-0.04676171,-0.808267687,c1
-0.00991491,-0.811562683,c1
-0.248823301,-0.774645902,c1
-0.316616227,-0.751670487,c1
-0.277668619,-0.769043285,c1
-0.182646782,-0.799029849,c1
0.03888203,-0.820722778,c1
-0.322349809,-0.757948195,c1
-0.213533396,-0.797561008,c1
-0.035370523,-0.826899171,c1
-0.030022309,-0.829115942,c1
-0.113552254,-0.823874854,c1
-0.25447346,-0.793879388,c1
-0.224230694,-0.805026204,c1
0.128495015,-0.827761454,c1
-0.029466704,-0.839162165,c1
-0.063432372,-0.839289714,c1
-0.177138797,-0.824881951,c1
-0.246789283,-0.808881305,c1
-0.247803956,-0.810666809,c1
-0.173167387,-0.831866651,c1
-0.171487632,-0.834260562,c1
-0.303085995,-0.79809475,c1
-0.22770626,-0.824858714,c1
-0.16642046,-0.841415469,c1
-0.30864105,-0.802407762,c1
-0.085863625,-0.857434975,c1
-0.215354108,-0.836449475,c1
-0.490662329,-0.713261133,c1
-0.068834368,-0.86500097,c1
-0.022032914,-0.869460357,c1
-0.532316135,-0.690345015,c1
-0.203213181,-0.849787672,c1
-0.281589346,-0.829245522,c1
-0.568116197,-0.669102924,c1
-0.234053613,-0.848054077,c1
-0.216986069,-0.854648444,c1
-0.434108948,-0.769801583,c1
-0.310420431,-0.829596518,c1
-0.406657078,-0.789161232,c1
-0.297445144,-0.838590514,c1
-0.237160485,-0.85967019,c1
-0.418117895,-0.789958009,c1
-0.427466642,-0.787219683,c1
-0.183345815,-0.878874983,c1
-0.27690357,-0.856133011,c1
-0.106762552,-0.895461615,c1
-0.455320898,-0.780737527,c1
-0.435442253,-0.794282532,c1
-0.367725971,-0.830004115,c1
-0.337504995,-0.844903636,c1
-0.445839855,-0.795392474,c1
-0.355236195,-0.841955004,c1
-0.61946014,-0.674549309,c1
-0.260826894,-0.879995256,c1
-0.245195774,-0.886557425,c1
-0.755599418,-0.528076986,c1
-0.233855289,-0.893759625,c1
-0.30143745,-0.875406671,c1
-0.564212215,-0.73660084,c1
-0.570499915,-0.734281244,c1
-0.620999338,-0.694787614,c1
-0.562352263,-0.745566147,c1
-0.491830359,-0.796215309,c1
-0.457568597,-0.818683031,c1
-0.432599529,-0.834404944,c1
-0.739473461,-0.583372978,c1
-0.51464377,-0.791243276,c1
-0.639191052,-0.697241755,c1
-0.817570643,-0.479671424,c1
-0.538181392,-0.782732661,c1
-0.593637312,-0.74412069,c1
-0.659383028,-0.689314256,c1
-0.372235941,-0.880458868,c1
-0.673730793,-0.680947545,c1
-0.689394772,-0.667967774,c1
-0.440169351,-0.855306045,c1
-0.408903268,-0.872900354,c1
-0.563571354,-0.7844818,c1
-0.583849562,-0.772023018,c1
-0.372617204,-0.89551091,c1
-0.655564297,-0.717572556,c1
-0.55072864,-0.803288534,c1
-0.687885654,-0.692311668,c1
-0.574280166,-0.791580733,c1
-0.320350763,-0.926119233,c1
-0.787986416,-0.585944164,c1
-0.815905902,-0.549991326,c1
-0.6272405,-0.760729932,c1
-0.478746713,-0.864232646,c1
-0.720753777,-0.678656256,c1
-0.695522461,-0.707305237,c1
-0.713938404,-0.691595295,c1
-0.758818245,-0.645131695,c1
-0.420923551,-0.904886382,c1
-0.611421941,-0.791304752,c1
0,0,c3
-0.001718783,-0.001030452,c3
-0.002997058,-0.002661172,c3
-0.004608246,-0.003861153,c3
-0.005461533,-0.005867575,c3
-0.009491505,-0.003211313,c3
-0.009796531,-0.00697178,c3
-0.012705447,-0.005946258,c3
-0.012063827,-0.010558938,c3
-0.014397682,-0.010863087,c3
-0.015679646,-0.012480124,c3
-0.01656597,-0.014543399,c3
-0.023151589,-0.006504988,c3
-0.024720525,-0.008222396,c3
-0.01885831,-0.020772809,c3
-0.025078407,-0.016573604,c3
-0.027956689,-0.015701334,c3
-0.030502631,-0.015173247,c3
-0.033919586,-0.012274416,c3
-0.030421636,-0.022897979,c3
-0.036901732,-0.015642296,c3
-0.036052697,-0.021708991,c3
-0.038877202,-0.020792558,c3
-0.03356883,-0.031585172,c3
-0.036464648,-0.03136197,c3
-0.043037837,-0.025647118,c3
-0.045771052,-0.024896975,c3
-0.053955538,-0.004061901,c3
-0.055260686,-0.009738499,c3
-0.047808325,-0.033043313,c3
-0.051189867,-0.031528414,c3
-0.047861461,-0.039606853,c3
-0.051570431,-0.038117239,c3
-0.051945958,-0.04092791,c3
-0.061230911,-0.029888579,c3
-0.053840242,-0.044954281,c3
-0.062032902,-0.036833645,c3
-0.068781487,-0.027696154,c3
-0.065546475,-0.038766392,c3
-0.065665523,-0.042384529,c3
-0.066507499,-0.044748515,c3
-0.081334289,-0.011649476,c3
-0.084121623,-0.002803821,c3
-0.075926278,-0.040753812,c3
-0.081143072,-0.034508999,c3
-0.07491544,-0.050201337,c3
-0.090117942,-0.019409129,c3
-0.090102659,-0.027440138,c3
-0.095617668,-0.010499358,c3
-0.089765531,-0.039808051,c3
-0.10012828,-0.003801024,c3
-0.101403834,-0.012767286,c3
-0.103355347,-0.013306632,c3
-0.104405698,-0.019507166,c3
-0.103712168,-0.030896319,c3
-0.109391556,-0.01349196,c3
-0.092093628,-0.064133381,c3
-0.111022111,-0.02687436,c3
-0.114293514,-0.02114187,c3
-0.112423463,-0.036617326,c3
-0.117033659,-0.027584341,c3
-0.122233533,-0.001636595,c3
-0.120412462,-0.030635402,c3
-0.126108277,-0.006033034,c3
-0.127750505,-0.011381634,c3
-0.118834811,-0.053348768,c3
-0.130876923,0.01910855,c3
-0.120125671,-0.059982191,c3
-0.132423211,0.032160532,c3
-0.12555306,-0.057938193,c3
-0.138969278,-0.019135718,c3
-0.142254321,-0.002933752,c3
-0.142385403,0.02335788,c3
-0.145789463,-0.012122418,c3
-0.135080632,-0.061197241,c3
-0.150118792,0.007390466,c3
-0.149619181,-0.028474454,c3
-0.153034074,0.019791959,c3
-0.15231062,0.035144159,c3
-0.154955592,0.032448743,c3
-0.150848103,-0.054291415,c3
-0.161226716,-0.018847753,c3
-0.163495042,0.016531152,c3
-0.165952522,-0.011239041,c3
-0.166283727,-0.02620988,c3
-0.170315997,0.002899787,c3
-0.168091574,-0.038051474,c3
-0.174301618,0.004051463,c3
-0.1729231,-0.034610375,c3
-0.170639781,0.05189588,c3
-0.17825834,0.027458222,c3
-0.182340676,-0.002961834,c3
-0.181455403,0.032646104,c3
-0.182478372,-0.037900447,c3
-0.187968437,-0.012396289,c3
-0.190189619,0.008528962,c3
-0.189806883,-0.031388643,c3
-0.192320005,-0.028284491,c3
-0.188881963,0.053793404,c3
-0.180899867,0.081464875,c3
-0.199494764,0.019034712,c3
-0.200900413,0.024631907,c3
-0.201694965,0.033197978,c3
-0.206123382,0.010927312,c3
-0.204088131,0.042256497,c3
-0.199787448,0.066044728,c3
-0.206251196,0.050840544,c3
-0.207840748,-0.052744274,c3
-0.209493823,0.054364726,c3
-0.21754347,0.019735913,c3
-0.219736262,0.017611291,c3
-0.222209532,-0.01022999,c3
-0.224362463,0.006228406,c3
-0.208171483,0.089137828,c3
-0.228053049,-0.013578227,c3
-0.218949291,0.071926659,c3
-0.222965133,0.065776081,c3
-0.215930475,0.091376763,c3
-0.235687388,-0.019259011,c3
-0.233261564,0.049601413,c3
-0.238726491,0.028995785,c3
-0.240897831,0.027698295,c3
-0.201028889,0.139148289,c3
-0.212657146,0.12464241,c3
-0.243973921,0.047196208,c3
-0.233695822,0.090205404,c3
-0.234231272,0.094310612,c3
-0.244622749,0.070246359,c3
-0.249467583,0.059706426,c3
-0.253694017,0.049703147,c3
-0.2434436,0.09277083,c3
-0.258754827,0.044332172,c3
-0.229730538,0.131146874,c3
-0.253602106,0.082011264,c3
-0.2531337,0.089640896,c3
-0.256691711,0.085450819,c3
-0.267257832,0.053423568,c3
-0.234720097,0.142420796,c3
-0.261088161,0.091184389,c3
-0.239315934,0.142555075,c3
-0.264386085,0.09388579,c3
-0.245870724,0.139250278,c3
-0.238184073,0.155717507,c3
-0.286567622,-0.001779402,c3
-0.287715577,-0.022282746,c3
-0.248473241,0.150660083,c3
-0.28976423,0.040531135,c3
-0.285866657,0.07115503,c3
-0.285504865,0.080339841,c3
-0.29848966,0.008012932,c3
-0.209306358,0.215758966,c3
-0.291789145,0.080181098,c3
-0.260676212,0.157590254,c3
-0.232152303,0.200292234,c3
-0.302164344,0.062779825,c3
-0.281611912,0.131073595,c3
-0.27430308,0.149974556,c3
-0.261726116,0.174616753,c3
-0.202598944,0.243331653,c3
-0.24866151,0.199241477,c3
-0.289835139,0.137136517,c3
-0.204091325,0.249893406,c3
-0.258812842,0.195992551,c3
-0.285964801,0.157881333,c3
-0.189550747,0.268488631,c3
-0.260427961,0.203750307,c3
-0.315162553,0.106483743,c3
-0.181821091,0.280970919,c3
-0.18908125,0.278562782,c3
-0.256176854,0.221530517,c3
-0.25665692,0.224033516,c3
-0.221031921,0.261874308,c3
-0.212610189,0.271307344,c3
-0.342512745,0.053677967,c3
-0.299179067,0.179113815,c3
-0.231118037,0.263772491,c3
-0.208942123,0.284155408,c3
-0.275594635,0.223307789,c3
-0.313136134,0.170851487,c3
-0.19013885,0.304179907,c3
-0.28165697,0.225364839,c3
-0.312751169,0.18372931,c3
-0.257535938,0.258268889,c3
-0.240686054,0.27670139,c3
-0.172093892,0.326115037,c3
-0.342756113,0.141306385,c3
-0.189202358,0.321156767,c3
-0.233755609,0.292908692,c3
-0.274494345,0.258062123,c3
-0.231929646,0.299442639,c3
-0.247523188,0.289329585,c3
-0.249008329,0.29069624,c3
-0.203613223,0.326480097,c3
-0.146145102,0.358099687,c3
-0.265862538,0.283663706,c3
-0.197301095,0.337316629,c3
-0.211838251,0.330764358,c3
-0.28862029,0.269364326,c3
-0.297677264,0.262361197,c3
-0.138877864,0.373834804,c3
-0.067982579,0.394994043,c3
-0.253201584,0.313275148,c3
-0.271528794,0.300238142,c3
-0.348434719,0.209977556,c3
-0.047931682,0.405998045,c3
-0.254194042,0.322737992,c3
-0.236877549,0.338103601,c3
-0.234497502,0.342190835,c3
-0.222868228,0.352249995,c3
-0.127884098,0.398836628,c3
-0.12796045,0.400916258,c3
-0.184281462,0.380576959,c3
-0.121696865,0.407046853,c3
-0.206532199,0.37356196,c3
-0.303084696,0.303411613,c3
-0.201670009,0.380750617,c3
-0.342908885,0.26417085,c3
-0.239513936,0.362966617,c3
-0.189676963,0.393549642,c3
-0.260610561,0.353122953,c3
-0.195938813,0.394948998,c3
-0.042307764,0.440860363,c3
-0.340647478,0.286157669,c3
-0.251539178,0.369380697,c3
-0.25486583,0.369530296,c3
-0.118978844,0.434921224,c3
-0.204287037,0.404215884,c3
-0.201543062,0.407827584,c3
-0.325048503,0.321113245,c3
-0.129041101,0.44040206,c3
-0.246658575,0.389369353,c3
-0.291637122,0.359510964,c3
-0.137591044,0.444104131,c3
-0.198770966,0.422513124,c3
-0.288850245,0.369416117,c3
-0.154606908,0.444840378,c3
-0.120345162,0.457378244,c3
-0.164443634,0.445573449,c3
-0.145479339,0.454225486,c3
-0.203116565,0.433756091,c3
-0.247462618,0.412415597,c3
-0.007767928,0.482903459,c3
-0.099723859,0.474606147,c3
-0.22315916,0.432832087,c3
-0.147702862,0.466136574,c3
-0.039357177,0.489401984,c3
-0.17681495,0.46018653,c3
-0.152724529,0.470839992,c3
-0.110627014,0.484525219,c3
-0.179912791,0.465435696,c3
-0.299703503,0.40147331,c3
-0.219615548,0.452530727,c3
-0.026418246,0.504318547,c3
-0.221129027,0.456251222,c3
-0.089474857,0.501092418,c3
-0.054016526,0.508159172,c3
-0.009224121,0.512943121,c3
-0.136755025,0.496542069,c3
-0.073250277,0.511818937,c3
-0.253383636,0.452987039,c3
-0.110689135,0.509149064,c3
-0.12961274,0.506732427,c3
-0.169377543,0.496979734,c3
-0.117149266,0.513869714,c3
-0.101237998,0.519281579,c3
-0.122517017,0.516736451,c3
-0.333328638,0.415994616,c3
0.148006127,0.514192806,c3
0.001194239,0.537072821,c3
-0.085012841,0.532332674,c3
0.084815588,0.534393324,c3
-0.052680735,0.540525051,c3
-0.021970626,0.544647222,c3
-0.002165348,0.547089903,c3
-0.132913892,0.532768924,c3
-0.050599484,0.548774391,c3
-0.191972455,0.518722526,c3
-0.050276781,0.552828728,c3
-0.09194657,0.549474378,c3
-0.081947742,0.553080256,c3
0.055978203,0.558323037,c3
-0.044863075,0.561336335,c3
-0.154302591,0.543656989,c3
-0.038033518,0.565857517,c3
0.253120364,0.509753332,c3
-0.088150237,0.56429872,c3
0.014567702,0.572961128,c3
-0.142554317,0.557203854,c3
0.062281632,0.573784014,c3
0.043014032,0.577558784,c3
0.079459444,0.57570465,c3
0.032288689,0.582271768,c3
0.012292155,0.585041221,c3
0.040486065,0.585776915,c3
0.274359801,0.521399881,c3
-0.243666563,0.538630852,c3
0.102883168,0.584196137,c3
-0.055605095,0.592587262,c3
0.047044407,0.595338527,c3
-0.060936243,0.596091849,c3
0.218303313,0.560167827,c3
0.145650225,0.585358,c3
0.118495979,0.59349672,c3
0.191035552,0.57638076,c3
0.073503149,0.604768047,c3
0.180400321,0.583993665,c3
0.329179311,0.517385411,c3
0.09442017,0.607941898,c3
0.227097168,0.573938382,c3
-0.026211947,0.618683461,c3
0.295590486,0.546414211,c3
0.127170943,0.6101342,c3
0.220253199,0.585172383,c3
0.039782439,0.625991675,c3
-0.135107455,0.614582994,c3
0.010506725,0.631175082,c3
0.118545316,0.622071949,c3
0.04159312,0.633907464,c3
0.248212229,0.586949351,c3
0.180722723,0.613201738,c3
0.096203483,0.634025408,c3
0.148087794,0.626009281,c3
0.162158522,0.624583499,c3
0.219547889,0.60892447,c3
0.093760287,0.642493328,c3
0.489572852,0.429550354,c3
0.170030033,0.630792612,c3
0.199256214,0.624282766,c3
0.329310698,0.568873436,c3
0.37867442,0.539728403,c3
0.274690819,0.601575095,c3
0.230595638,0.621954903,c3
0.238053415,0.621285329,c3
0.458464875,0.484918054,c3
0.161417841,0.649583363,c3
0.220171601,0.634212478,c3
0.198989007,0.643272217,c3
0.197908098,0.645701909,c3
0.509219139,0.446660129,c3
0.288326926,0.615138887,c3
0.181093013,0.656856517,c3
0.252905958,0.63484539,c3
0.181111201,0.661008159,c3
0.485662415,0.486431974,c3
0.314940457,0.613233707,c3
0.262561157,0.639587185,c3
0.127968381,0.681475833,c3
0.351154294,0.600215795,c3
0.231430427,0.65787495,c3
0.345419523,0.608148034,c3
0.281949651,0.642238499,c3
0.434338573,0.553291198,c3
0.237763862,0.664133099,c3
0.461193926,0.536410201,c3
0.359422087,0.611629668,c3
0.292902982,0.648328858,c3
0.500882192,0.508030418,c3
0.500492412,0.511222715,c3
0.467582077,0.544132147,c3
0.304530745,0.651807736,c3
0.411371649,0.592666183,c3
0.482698221,0.538867178,c3
0.374832525,0.621111576,c3
0.420032442,0.59393888,c3
0.625870042,0.374695881,c3
0.447456852,0.578636654,c3
0.490000321,0.545777819,c3
0.345415398,0.64931172,c3
0.446953311,0.586602113,c3
0.398590766,0.622859961,c3
0.439358682,0.597294682,c3
0.587966624,0.455047393,c3
0.475493759,0.574162424,c3
0.3680448,0.65060878,c3
0.416381801,0.623197355,c3
0.526659388,0.536084561,c3
0.555280649,0.509348821,c3
0.57069429,0.495080732,c3
0.494804983,0.573582644,c3
0.470581661,0.596172852,c3
0.53101961,0.545834704,c3
0.223553753,0.730066628,c3
0.340126796,0.685821821,c3
0.225810621,0.733566389,c3
0.52026702,0.567020829,c3
0.459810527,0.619558725,c3
0.556280878,0.537519015,c3
0.523382746,0.572319852,c3
0.595884909,0.499512888,c3
0.61101965,0.484115075,c3
0.662133774,0.415234615,c3
0.486281305,0.614416753,c3
0.59057297,0.518020836,c3
0.35545134,0.702800799,c3
0.616907192,0.492809054,c3
0.548366333,0.570875008,c3
0.507693977,0.609940513,c3
0.507615208,0.612610912,c3
0.771669898,0.201701899,c3
0.564305152,0.566496755,c3
0.575944954,0.557543819,c3
0.717826047,0.361262123,c3
0.572815869,0.56647279,c3
0.490789101,0.641380089,c3
0.720428661,0.369412853,c3
0.654284692,0.480253929,c3
0.656665132,0.480395893,c3
0.758645232,0.299519228,c3
0.622126622,0.53055245,c3
0.617409286,0.539086561,c3
0.698608905,0.432485016,c3
0.658826146,0.494310606,c3
0.672162153,0.479476916,c3
0.795204278,0.229485226,c3
0.515769437,0.64985881,c3
0.736041084,0.387178785,c3
0.66192199,0.506814073,c3
0.749045356,0.370509983,c3
0.768459599,0.333421411,c3
0.774432596,0.324523619,c3
0.780129587,0.315956828,c3
0.641118517,0.548429972,c3
0.744505156,0.401130885,c3
0.829071399,0.176714714,c3
0.68101724,0.508138355,c3
0.781459136,0.338703871,c3
0.829473099,0.201967146,c3
0.770291866,0.372682814,c3
0.56798307,0.642705992,c3
0.564495732,0.648430476,c3
0.847391837,0.156506783,c3
0.863722762,-0.00284735,c3
0.818835081,0.281069523,c3
0.76928708,0.401450167,c3
0.772362794,0.399878076,c3
0.728323642,0.479042148,c3
0.87083223,-0.071315585,c3
0.802910939,0.349678023,c3
0.875370161,0.064666983,c3
0.860509056,0.18303272,c3
0.831260306,0.2941313,c3
0.682902928,0.560971164,c3
0.849063019,0.252355336,c3
0.883478187,-0.087245183,c3
0.80257464,0.384163522,c3
0.888665502,0.074508771,c3
0.739019575,0.502699012,c3
0.875672123,0.188787958,c3
0.897786063,-0.004136273,c3
0.858693186,0.268859314,c3
0.863377592,0.260439782,c3
0.86167596,0.272732002,c3
0.893208064,0.150579053,c3
0.906357343,-0.051435272,c3
0.841269978,0.346462986,c3
0.896377871,0.167119944,c3
0.908065557,0.102459392,c3
0.907852212,-0.120631658,c3
0.891065025,0.220057812,c3
0.90907062,-0.140341165,c3
0.912851672,0.128443022,c3
0.916733281,0.11443188,c3
0.84402866,0.380548286,c3
0.904091708,0.208649,c3
0.929055816,-0.038657327,c3
0.850478814,0.380861909,c3
0.933358327,-0.030841213,c3
0.909531521,0.220472975,c3
0.93264674,0.098898855,c3
0.92600719,0.160887063,c3
0.937944869,-0.086049139,c3
0.933513297,-0.139560226,c3
0.910115576,-0.25768373,c3
0.928335717,0.191570428,c3
0.904172824,0.291171999,c3
0.937528821,0.164804641,c3
0.948968656,-0.096946429,c3
0.945756569,-0.138967362,c3
0.946731735,0.145951233,c3
0.922987022,0.263706382,c3
0.94805281,0.162767806,c3
0.963361869,-0.033027565,c3
0.955976219,-0.138325106,c3
0.963380702,0.093794859,c3
0.95520728,-0.168411465,c3
0.959969007,-0.152100057,c3
0.946909285,-0.227897588,c3
0.971774701,0.090200047,c3
0.974059454,0.087212072,c3
0.972088152,0.12395995,c3
0.96851384,-0.161969431,c3
0.961702715,-0.20813646,c3
0.957663495,-0.234566206,c3
0.950445534,0.269721648,c3
0.989965962,0.005264497,c3
0.977953714,-0.166248986,c3
0.947128438,-0.301595454,c3
0.977020397,-0.193471384,c3
0.957410915,-0.281709674,c3
0.999896859,0.01436215,c3
0,0,c2
0.001975119,0.00033905,c2
0.003949312,-0.000683468,c2
0.00592948,0.000992822,c2
0.007192506,-0.003539015,c2
0.010018574,-0.000171377,c2
0.011266278,-0.004201037,c2
0.013769797,-0.002679377,c2
0.015233284,-0.004997413,c2
0.018007026,-0.001023193,c2
0.018500726,-0.007702464,c2
0.021878733,-0.002694969,c2
0.023885425,-0.002792386,c2
0.023038404,-0.012163226,c2
0.027944503,-0.002500033,c2
0.029399908,-0.006265479,c2
0.026128564,-0.018585115,c2
0.033992175,-0.002273753,c2
0.036068273,-0.00052846,c2
0.036991192,-0.009024691,c2
0.032335973,-0.023681303,c2
0.040889253,-0.009957218,c2
0.041741709,-0.014191443,c2
0.045602212,-0.006702816,c2
0.048023329,-0.002646437,c2
0.043499686,-0.024855732,c2
0.049563783,-0.016071092,c2
0.054012412,0.003218446,c2
0.054149804,-0.014709875,c2
0.053775213,-0.022039122,c2
0.060077611,-0.002263631,c2
0.05708485,-0.024510043,c2
0.056605808,-0.030136618,c2
0.060898048,-0.025785737,c2
0.065321075,-0.01938321,c2
0.057648916,-0.03995324,c2
0.071218859,-0.011518354,c2
0.065311362,-0.035105496,c2
0.071456072,-0.026328753,c2
0.065111587,-0.043230666,c2
0.079844772,-0.007105594,c2
0.081467761,-0.010676183,c2
0.078018365,-0.03158233,c2
0.067759713,-0.053238091,c2
0.081250012,-0.034256456,c2
0.072146493,-0.054105278,c2
0.076686784,-0.051157551,c2
0.069730708,-0.063317286,c2
0.082598668,-0.049299442,c2
0.082626632,-0.053060072,c2
0.069239009,-0.072429827,c2
0.070376699,-0.07411384,c2
0.099616502,-0.030593245,c2
0.08675317,-0.061277784,c2
0.08858793,-0.062152835,c2
0.066879516,-0.087610935,c2
0.103350421,-0.043738055,c2
0.102699601,-0.050009322,c2
0.083935735,-0.080403845,c2
0.096210305,-0.068727293,c2
0.094595479,-0.074225794,c2
0.097993378,-0.073082234,c2
0.11990583,-0.032561954,c2
0.119284163,-0.041364037,c2
0.088368142,-0.092955928,c2
0.098387443,-0.085368111,c2
0.101785612,-0.084460611,c2
0.115641843,-0.068227591,c2
0.096192293,-0.096525899,c2
0.118072965,-0.07196652,c2
0.112751536,-0.083460931,c2
0.106915581,-0.093882678,c2
0.118947856,-0.081673747,c2
0.107964918,-0.098717257,c2
0.104954387,-0.104768584,c2
0.11480935,-0.097000432,c2
0.123301724,-0.089405698,c2
0.088851099,-0.126161133,c2
0.13296696,-0.082179221,c2
0.14906799,-0.053318764,c2
0.111919798,-0.114789663,c2
0.118610637,-0.11081881,c2
0.127564401,-0.103591656,c2
0.096713645,-0.135325631,c2
0.119022293,-0.119041713,c2
0.161628481,-0.053779011,c2
0.157645881,-0.069645303,c2
0.115309173,-0.130771797,c2
0.108518703,-0.139010675,c2
0.136298078,-0.115038911,c2
0.126372054,-0.128686028,c2
0.128094573,-0.129802445,c2
0.125988779,-0.134605568,c2
0.107714246,-0.152093528,c2
0.116516894,-0.148018967,c2
0.081370113,-0.172115482,c2
0.106498455,-0.160218534,c2
0.12463269,-0.149176705,c2
0.052555352,-0.18923018,c2
0.131243926,-0.148782794,c2
0.060923177,-0.190915813,c2
0.158087601,-0.126396272,c2
0.116375923,-0.16804645,c2
0.04768515,-0.200829234,c2
0.092813709,-0.186609731,c2
0.097499288,-0.186469352,c2
0.052337946,-0.205876313,c2
0.025938283,-0.212854271,c2
0.127922411,-0.174582479,c2
0.111827828,-0.187641159,c2
0.124497002,-0.18191943,c2
0.103706485,-0.196790991,c2
0.12818179,-0.184246401,c2
0.14902767,-0.170504171,c2
0.142410483,-0.178638786,c2
0.138555894,-0.1841589,c2
0.143523249,-0.182868862,c2
-0.012929138,-0.234112196,c2
0.107663363,-0.210542287,c2
0.144705506,-0.189556256,c2
0.111317788,-0.213165295,c2
0.162988148,-0.179537807,c2
0.117788751,-0.214244418,c2
0.065042988,-0.237756602,c2
0.057354645,-0.241787511,c2
0.112707038,-0.223713825,c2
0.0882322,-0.236587952,c2
0.023755653,-0.253397927,c2
-0.023102563,-0.255470554,c2
0.156058342,-0.206099128,c2
0.038156956,-0.257711583,c2
0.113417484,-0.236761222,c2
-0.002069172,-0.264520965,c2
0.114716931,-0.240582421,c2
0.018852224,-0.267874511,c2
0.025513186,-0.269335394,c2
0.032836768,-0.27055974,c2
0.142236526,-0.234831808,c2
0.083909146,-0.263516367,c2
0.130768555,-0.245954571,c2
0.028739306,-0.279085284,c2
0.039086866,-0.279848655,c2
0.144964274,-0.244877426,c2
0.120449623,-0.260030876,c2
0.125993017,-0.259619979,c2
0.050875224,-0.286092858,c2
0.097009574,-0.276034825,c2
0.073312303,-0.28532103,c2
0.111648112,-0.274776668,c2
0.029871862,-0.297099237,c2
0.039178253,-0.298037158,c2
0.030440361,-0.301070254,c2
0.126559373,-0.277073097,c2
0.086257777,-0.294229955,c2
0.007172728,-0.308533871,c2
0.166048468,-0.262513738,c2
0.026473319,-0.311502344,c2
0.08622396,-0.302583871,c2
0.031333747,-0.315079072,c2
0.166041407,-0.271955813,c2
-0.010801602,-0.320459291,c2
0.023977216,-0.32175313,c2
0.049152768,-0.320906797,c2
0.036032785,-0.324659854,c2
-0.008853257,-0.32853805,c2
0.010766741,-0.330485987,c2
0.085824362,-0.321403798,c2
-0.03038434,-0.333287201,c2
0.096822125,-0.322450645,c2
0.022256391,-0.337945267,c2
-0.085038202,-0.329897401,c2
-0.041960651,-0.3401067,c2
0.02742188,-0.343596869,c2
0.064109925,-0.340714282,c2
-0.085851544,-0.337963586,c2
0.003411936,-0.350684805,c2
0.009424907,-0.352579463,c2
0.06781212,-0.348167041,c2
-0.091876226,-0.344678442,c2
-0.169997918,-0.315877992,c2
-0.031371721,-0.359354664,c2
0.0808595,-0.353597927,c2
-0.178664307,-0.317972709,c2
-0.06416933,-0.361075799,c2
-0.035612928,-0.367013685,c2
0.012792823,-0.370520702,c2
-0.010812102,-0.372588647,c2
-0.010137201,-0.374612365,c2
-0.013225114,-0.376521316,c2
-0.143494179,-0.350523431,c2
0.038378817,-0.378822391,c2
0.069099473,-0.376476712,c2
0.00760387,-0.384694397,c2
-0.089223431,-0.376341542,c2
-0.050734929,-0.385452921,c2
0.034624552,-0.389244615,c2
-0.061983988,-0.38786401,c2
0.105191674,-0.380517442,c2
0.108153708,-0.381769467,c2
-0.058843166,-0.394432508,c2
-0.033106023,-0.399431992,c2
-0.041279191,-0.4006849,c2
0.065330494,-0.399503134,c2
-0.231940433,-0.33421694,c2
-0.136708498,-0.385282553,c2
-0.019273037,-0.410369313,c2
-0.233589894,-0.340383284,c2
-0.21793201,-0.352972074,c2
-0.269088962,-0.318341698,c2
-0.003579488,-0.418822379,c2
-0.220037061,-0.358735856,c2
-0.098236664,-0.411276107,c2
-0.131560585,-0.403966681,c2
-0.150318514,-0.39951024,c2
-0.153888891,-0.400296327,c2
-0.072165862,-0.424775132,c2
-0.003961897,-0.4328476,c2
-0.251982072,-0.3544245,c2
-0.119427572,-0.420232943,c2
-0.156049012,-0.410197989,c2
-0.26260426,-0.354140836,c2
-0.099637213,-0.431532423,c2
-0.0895835,-0.435777136,c2
-0.152712256,-0.419991695,c2
-0.15053109,-0.422906162,c2
-0.182808976,-0.412181167,c2
-0.170559625,-0.419562973,c2
-0.236922708,-0.388343372,c2
-0.089505822,-0.448061328,c2
-0.146960028,-0.434750883,c2
-0.249307494,-0.387678629,c2
-0.234004291,-0.399427511,c2
-0.378322141,-0.270244578,c2
-0.106563,-0.454611443,c2
-0.219748648,-0.414262312,c2
-0.182935315,-0.433959593,c2
-0.138124858,-0.452326586,c2
-0.305647432,-0.363534117,c2
-0.231629929,-0.416932376,c2
-0.319962903,-0.356404863,c2
-0.194837565,-0.439730253,c2
-0.270276692,-0.400258168,c2
-0.287507686,-0.390557516,c2
-0.097146464,-0.477185698,c2
-0.212681461,-0.440302212,c2
-0.283744094,-0.400690127,c2
-0.070371884,-0.487937462,c2
-0.180251803,-0.461003653,c2
-0.146565444,-0.47489114,c2
-0.274016975,-0.417029612,c2
-0.442882336,-0.23421837,c2
-0.325144578,-0.383791678,c2
-0.182591396,-0.470845519,c2
-0.272863323,-0.427327546,c2
-0.284632952,-0.421999341,c2
-0.336846091,-0.384289267,c2
-0.330062209,-0.392752681,c2
-0.22864978,-0.461492406,c2
-0.172105305,-0.487548963,c2
-0.357703047,-0.376097135,c2
-0.387259967,-0.348589402,c2
-0.270309738,-0.447783274,c2
-0.321780412,-0.414891521,c2
-0.319771943,-0.418965317,c2
-0.352587635,-0.394441947,c2
-0.403599555,-0.345158484,c2
-0.288895151,-0.447994523,c2
-0.435814459,-0.310428434,c2
-0.219622612,-0.490116873,c2
-0.231546733,-0.486817593,c2
-0.477474941,-0.254534062,c2
-0.317921759,-0.440304833,c2
-0.315498504,-0.444504217,c2
-0.332735062,-0.434280358,c2
-0.43450233,-0.335732862,c2
-0.311658546,-0.454513575,c2
-0.474027567,-0.284998855,c2
-0.436079052,-0.343485687,c2
-0.362630529,-0.422936595,c2
-0.433794257,-0.352754511,c2
-0.393631358,-0.399890644,c2
-0.38637936,-0.409661038,c2
-0.483833921,-0.292022171,c2
-0.534467293,-0.189699739,c2
-0.419338547,-0.384803275,c2
-0.346104663,-0.454329255,c2
-0.556442949,-0.137360539,c2
-0.491245871,-0.299124326,c2
-0.424966224,-0.390526318,c2
-0.519093609,-0.256838823,c2
-0.511153959,-0.276534406,c2
-0.394936901,-0.429077867,c2
-0.505204384,-0.295284369,c2
-0.509777744,-0.291376677,c2
-0.463857252,-0.363273431,c2
-0.514120811,-0.291849928,c2
-0.504278196,-0.31236769,c2
-0.584064607,-0.11454311,c2
-0.342027666,-0.48954899,c2
-0.366655041,-0.473922778,c2
-0.557728146,-0.224463018,c2
-0.476283342,-0.37015153,c2
-0.603323013,-0.047759772,c2
-0.449608263,-0.408119802,c2
-0.527573208,-0.304653268,c2
-0.426319531,-0.438000611,c2
-0.55998105,-0.249935804,c2
-0.612714147,0.055586813,c2
-0.569524038,-0.23795117,c2
-0.61617253,-0.06154433,c2
-0.593300297,-0.18421993,c2
-0.501856256,-0.369562565,c2
-0.393359717,-0.486010619,c2
-0.616608205,-0.115076241,c2
-0.587994187,-0.224118535,c2
-0.548662559,-0.312188681,c2
-0.467954708,-0.426667192,c2
-0.605644382,-0.191738216,c2
-0.6286526,-0.104473726,c2
-0.639208607,-0.009456737,c2
-0.609851673,-0.198303468,c2
-0.514499802,-0.386144492,c2
-0.581843404,-0.279030801,c2
-0.617410782,-0.194407334,c2
-0.59700248,-0.255297292,c2
-0.574208493,-0.307375488,c2
-0.606068089,-0.243907773,c2
-0.566526993,-0.329361771,c2
-0.587852135,-0.294095885,c2
-0.627066459,-0.203687802,c2
-0.620467372,-0.228840297,c2
-0.525617008,-0.404634415,c2
-0.61075246,-0.263905894,c2
-0.638372931,0.194462237,c2
-0.604767124,-0.286829201,c2
-0.666934486,-0.076807503,c2
-0.648677089,-0.180592923,c2
-0.595726225,-0.31813336,c2
-0.63436838,-0.237457703,c2
-0.679210433,0.014193494,c2
-0.662827831,-0.157843057,c2
-0.625189893,-0.275912469,c2
-0.65008866,-0.217066321,c2
-0.677279924,-0.117370994,c2
-0.678623331,-0.121298993,c2
-0.690225482,0.039986401,c2
-0.683989497,-0.11376988,c2
-0.680579012,0.142760455,c2
-0.658231242,-0.230415113,c2
-0.698772925,-0.02958171,c2
-0.664341586,-0.224980338,c2
-0.692959509,-0.120781889,c2
-0.66898795,-0.223739915,c2
-0.703609665,-0.073274691,c2
-0.693176602,-0.150934705,c2
-0.701457813,0.118656658,c2
-0.671478394,-0.241028301,c2
-0.708342967,0.100456754,c2
-0.717422965,0.004132962,c2
-0.719422865,-0.004800074,c2
-0.707648711,-0.140403489,c2
-0.720949048,-0.060065618,c2
-0.717112999,-0.109672044,c2
-0.712508329,-0.146705577,c2
-0.728435208,-0.038632378,c2
-0.716797092,-0.145739292,c2
-0.727666109,0.092063984,c2
-0.730683828,0.083777379,c2
-0.725673258,-0.131406335,c2
-0.739129958,0.022716385,c2
-0.722097044,-0.168442418,c2
-0.728616752,-0.147954414,c2
-0.66822093,0.330511109,c2
-0.694758636,-0.275788322,c2
-0.743672394,-0.093274428,c2
-0.745352858,-0.095947305,c2
-0.753376705,-0.014012876,c2
-0.708922309,-0.261201196,c2
-0.748937571,0.113672933,c2
-0.75864843,0.036355595,c2
-0.747264084,0.146675624,c2
-0.750965096,0.137931094,c2
-0.756758285,-0.11556256,c2
-0.747828813,-0.172806687,c2
-0.73303192,0.234210583,c2
-0.73817259,0.22445481,c2
-0.773090948,0.02656112,c2
-0.775550665,-0.000823342,c2
-0.773833283,0.075986837,c2
-0.778832894,0.033641381,c2
-0.779818965,0.052185271,c2
-0.741692716,0.252723898,c2
-0.784980795,0.030449493,c2
-0.783989512,0.075067053,c2
-0.780906775,0.116704141,c2
-0.712582863,0.344716655,c2
-0.752665665,0.251545225,c2
-0.795512588,0.011182633,c2
-0.783917273,0.147077519,c2
-0.798490968,0.042083863,c2
-0.798789742,0.067101782,c2
-0.800864011,0.066342976,c2
-0.803439306,-0.05911618,c2
-0.797157564,0.129546047,c2
-0.797630852,0.138810432,c2
-0.780818326,0.221483714,c2
-0.760769257,0.28847781,c2
-0.745897376,0.329987061,c2
-0.812412211,0.092270444,c2
-0.809629286,0.127706561,c2
-0.804991745,0.16457819,c2
-0.812911996,0.132547923,c2
-0.775907253,0.282255218,c2
-0.758693714,0.330752417,c2
-0.779141056,0.2850856,c2
-0.819240463,0.143209471,c2
-0.805233704,0.215870117,c2
-0.749307657,0.369979227,c2
-0.763569782,0.344472323,c2
-0.78083128,0.308810521,c2
-0.815932693,0.206602833,c2
-0.827359908,0.165178597,c2
-0.576082466,0.619130767,c2
-0.785612082,0.318435444,c2
-0.64232941,0.556239155,c2
-0.716833606,0.459943774,c2
-0.81295653,0.260610878,c2
-0.854503922,0.045443227,c2
-0.813411306,0.272098894,c2
-0.856498846,0.07434541,c2
-0.770054436,0.386760215,c2
-0.807004524,0.307845438,c2
-0.752237453,0.428520456,c2
-0.840072172,0.217355914,c2
-0.777226961,0.390339611,c2
-0.826361367,0.277603311,c2
-0.799039146,0.353512557,c2
-0.682009045,0.549367234,c2
-0.704937699,0.522989079,c2
-0.78206158,0.402934853,c2
-0.836883978,0.277726711,c2
-0.716090686,0.517937434,c2
-0.55037141,0.694033528,c2
-0.621659478,0.63378618,c2
-0.8283468,0.324883429,c2
-0.791899401,0.410089343,c2
-0.84627146,0.287542772,c2
-0.554268724,0.703724905,c2
-0.794479183,0.418138436,c2
-0.668350838,0.602450393,c2
-0.641590148,0.633728513,c2
-0.499186236,0.753446287,c2
-0.703460157,0.570647443,c2
-0.875902899,0.238586109,c2
-0.801155332,0.43118663,c2
-0.753499553,0.513479101,c2
-0.645790975,0.646556262,c2
-0.728899256,0.554484905,c2
-0.724002046,0.564130621,c2
-0.732147054,0.556835458,c2
-0.627754467,0.675070451,c2
-0.627626948,0.677922546,c2
-0.685759961,0.622040716,c2
-0.541333628,0.753574233,c2
-0.810168999,0.456360921,c2
-0.659297344,0.65855677,c2
-0.76812216,0.531128322,c2
-0.496098145,0.793563199,c2
-0.792647183,0.501319628,c2
-0.774409104,0.532601635,c2
-0.716545526,0.611316236,c2
-0.538710805,0.775057934,c2
-0.708225735,0.626998864,c2
-0.527549327,0.787526596,c2
-0.770094897,0.556114627,c2
-0.345772661,0.886883378,c2
-0.512160204,0.804755892,c2
-0.482814527,0.825019725,c2
-0.863432519,0.414833733,c2
-0.812019777,0.51192771,c2
-0.360522733,0.891807629,c2
-0.448115048,0.85343413,c2
-0.572018711,0.778343729,c2
-0.71036821,0.657477649,c2
-0.755051863,0.608834998,c2
-0.844414381,0.481289179,c2
-0.499370114,0.836184186,c2
-0.833393804,0.507874873,c2
-0.400057016,0.89238565,c2
-0.481605943,0.853450151,c2
-0.560359512,0.806381035,c2
-0.512440718,0.839998458,c2
-0.365954846,0.915542312,c2
-0.597666612,0.786696322,c2
-0.401832709,0.904760076,c2
-0.450800841,0.883634989,c2
-0.572023301,0.812896943,c2
-0.469445442,0.878419609,c2
-0.641015448,0.764915156,c2
-0.470020062,0.882655732,c2
